{"type": "block", "layer": 2, "block": 98, "features": [{"geom": {"lines": [[[21.111019344327488, 23.011951225372037, 0.029289019561800616], [21.10938979784649, 23.043645722830618, 0.029289019561800616]]]}, "mtl": 0}, {"geom": {"lines": [[[21.10938979784649, 23.043645722830618, 0.029289019561800616], [21.11837434172461, 23.063395625128884, 0.029289019561800616], [21.143893515037206, 23.12215630417877, 0.029289019561800616]]]}, "mtl": 0}, {"geom": {"lines": [[[24.50771923631143, 21.16958985689968, 0.029289019561800616], [24.305052370207527, 21.249560315731497, 0.029289019561800616], [24.085563750595984, 21.338075041007453, 0.029289019561800616], [23.730650569022394, 21.47813566435822, 0.029289019561800616], [23.402627076611815, 21.607785433184095, 0.029289019561800616], [23.2301977840063, 21.67784214616364, 0.029289019561800616], [23.0539316033604, 21.74835510571769, 0.029289019561800616], [22.90602481087379, 21.8036664651526, 0.029289019561800616], [22.775414817177065, 21.850915258298524, 0.029289019561800616], [22.682756173093345, 21.881579888522324, 0.029289019561800616], [22.602638152103914, 21.89838970122208, 0.029289019561800616], [22.512954741368997, 21.91225949151331, 0.029289019561800616], [22.41036936186499, 21.920286925394702, 0.029289019561800616], [22.342748764409805, 21.93044642628182, 0.029289019561800616], [22.280372547292483, 21.944960546980454, 0.029289019561800616], [22.214065027564722, 21.975782607841943, 0.029289019561800616], [22.174649293093317, 21.996679749125818, 0.029289019561800616], [22.140959938457794, 22.021454261706342, 0.029289019561800616], [22.08895658478982, 22.063890957862526, 0.029289019561800616], [22.01474811588143, 22.133573302748253, 0.029289019561800616], [21.90145437977251, 22.248652562142762, 0.029289019561800616], [21.671469046786562, 22.48551554505014, 0.029289019561800616], [21.463336767191443, 22.67351435746441, 0.029289019561800616], [21.26712172778211, 22.87119266063609, 0.029289019561800616], [21.16835535418501, 22.9599400662972, 0.029289019561800616], [21.111019344327488, 23.011951225372037, 0.029289019561800616]]]}, "mtl": 0}, {"geom": {"lines": [[[22.049322503883996, 15.753640773392137, 0.029289019561800616], [21.462252895490685, 16.03581681141194, 0.029289019561800616], [21.40412433546841, 16.063316969453385, 0.029289019561800616], [21.367051781524836, 16.094306620434057, 0.029289019561800616], [21.170141787970852, 16.257348304220265, 0.029289019561800616], [21.111962887877112, 16.293011679486888, 0.029289019561800616]]]}, "mtl": 0}, {"geom": {"lines": [[[21.158334132890854, -39.09072830187596, 0.029289019561800616], [21.128582599890134, -39.070786193074206, 0.029289019561800616], [21.12282750749639, -39.06746735640074, 0.029289019561800616]]]}, "mtl": 0}, {"geom": {"lines": [[[21.12282750749639, -39.06746735640074, 0.029289019561800616], [21.32182475859731, -38.939768978486086, 0.029289019561800616], [21.335110438475958, -38.92387715540026, 0.029289019561800616], [21.33188679708874, -38.86496434831354, 0.029289019561800616], [21.18167300006443, -38.60379423247378, 0.029289019561800616], [21.178515617592154, -38.555900288930786, 0.029289019561800616], [21.253703668086278, -38.50225941240011, 0.029289019561800616]]]}, "mtl": 0}, {"geom": {"lines": [[[21.143893515037206, 23.12215630417877, 0.029289019561800616], [21.16320709141175, 23.17703634069119, 0.029289019561800616], [21.172455596981287, 23.232335597974732, 0.029289019561800616], [21.173860184881455, 23.316890143290692, 0.029289019561800616], [21.169146972186038, 24.095082987728212, 0.029289019561800616], [21.163582206800314, 24.143568704194283, 0.029289019561800616], [21.17239264375017, 24.19214202463353, 0.029289019561800616]]]}, "mtl": 0}, {"geom": {"lines": [[[21.17060175191623, 13.096662353987869, 0.029289019561800616], [21.440155507921965, 13.66875026038156, 0.029289019561800616]]]}, "mtl": 0}, {"geom": {"lines": [[[21.17239264375017, 24.19214202463353, 0.029289019561800616], [21.180319548901082, 24.30748498214798, 0.029289019561800616], [21.22884876454184, 24.44421310601213, 0.029289019561800616]]]}, "mtl": 0}, {"geom": {"lines": [[[23.601499427787775, 23.69518949134208, 0.029289019561800616], [23.483846488933867, 23.737719678864252, 0.029289019561800616], [23.10912741947302, 23.89784284817224, 0.029289019561800616], [23.063603537302967, 23.898049821235745, 0.029289019561800616], [23.040698209944775, 23.882059441849435, 0.029289019561800616], [22.981664017919744, 23.737589018572464, 0.029289019561800616], [22.962113055310972, 23.721618830373036, 0.029289019561800616], [22.907006211225344, 23.721767891573172, 0.029289019561800616], [22.25805774130518, 23.983510226248473, 0.029289019561800616], [22.02641231461144, 24.09596221220103, 0.029289019561800616], [21.556984243933297, 24.304490269848262, 0.029289019561800616], [21.22884876454184, 24.44421310601213, 0.029289019561800616]]]}, "mtl": 0}, {"geom": {"lines": [[[21.22884876454184, 24.44421310601213, 0.029289019561800616], [21.350843329805734, 24.87347442327948, 0.029289019561800616], [21.478130878827006, 25.29989247310742, 0.029289019561800616], [21.600816602373918, 25.695542376203168, 0.029289019561800616], [21.902370610391486, 26.629410781168637, 0.029289019561800616], [22.04411425350137, 27.12561014212307, 0.029289019561800616], [22.19394160384246, 27.633398910736744, 0.029289019561800616], [22.374802777855784, 28.162045208648777, 0.029289019561800616], [22.506237816538576, 28.622175150484054, 0.029289019561800616], [22.518017608414308, 28.65587999352883, 0.029289019561800616], [22.5427347118484, 28.690143369055484, 0.029289019561800616], [22.593684730473395, 28.7457062255343, 0.029289019561800616], [22.65933963509793, 28.826823473632622, 0.029289019561800616]]]}, "mtl": 0}, {"geom": {"lines": [[[21.23699640944119, -12.501468328317635, 0.029289019561800616], [21.834337345864384, -13.095965747542934, 0.029289019561800616]]]}, "mtl": 0}, {"geom": {"lines": [[[21.26176761749855, -12.483570446000456, 0.029289019561800616], [21.23699640944119, -12.501468328317635, 0.029289019561800616]]]}, "mtl": 0}, {"geom": {"lines": [[[21.26176761749855, -12.483570446000456, 0.029289019561800616], [21.279365241692304, -12.46619584443202, 0.029289019561800616], [21.329336960878564, -12.42224335571456, 0.029289019561800616], [21.341692184426066, -12.408258217828514, 0.029289019561800616]]]}, "mtl": 0}, {"geom": {"lines": [[[21.31841804233583, -7.926542750721523, 0.029289019561800616], [21.538958923562447, -7.756811394131306, 0.029289019561800616], [21.667035101675847, -7.648570069787688, 0.029289019561800616], [21.6841667500269, -7.632634350374599, 0.029289019561800616]]]}, "mtl": 0}, {"geom": {"lines": [[[21.320049455293066, -9.778764771874881, 0.029289019561800616], [21.82560240406799, -10.29665666473506, 0.029289019561800616], [21.930909180310508, -10.382364835223527, 0.029289019561800616], [22.119389112159826, -10.454138802821248, 0.029289019561800616], [22.233367191211318, -10.549868921932818, 0.029289019561800616], [22.239627700835886, -10.556546832730739, 0.029289019561800616]]]}, "mtl": 0}, {"geom": {"lines": [[[21.374334665426698, 19.246791442907753, 0.029289019561800616], [21.350296960285007, 19.18132545254593, 0.029289019561800616], [21.341171620833876, 19.105864167576453, 0.029289019561800616]]]}, "mtl": 0}, {"geom": {"lines": [[[21.341692184426066, -12.408258217828514, 0.029289019561800616], [21.352635313401823, -12.398118917511743, 0.029289019561800616], [21.491919011667026, -12.24857873479852, 0.029289019561800616]]]}, "mtl": 0}, {"geom": {"lines": [[[21.368519447461022, -25.548999525561364, 0.029289019561800616], [21.374741469787885, -25.549920514232802, 0.029289019561800616], [21.44173758601796, -25.558142704321604, 0.029289019561800616], [21.461380247939786, -25.564255552389948, 0.029289019561800616], [21.522386426657825, -25.53080714068879, 0.029289019561800616], [21.722965465851363, -25.408303952503175, 0.029289019561800616]]]},